time_stamp, average time, incremental time, search time,fov check time, total time, alpha_bal, alpha_del
879.49934794,0.00077971,0.00000397,-nan,3.00000000,0.00077971,0.000000,0.000000
879.49934794,0.00686147,0.00617760,-nan,3.00000000,0.01294322,0.000000,0.000000
879.59998688,0.00570930,0.00189713,-nan,555.00000000,0.00340495,0.000000,0.000000
879.69981294,0.00537056,0.00240780,-nan,718.00000000,0.00435435,0.000000,0.000000
879.79963874,0.00527260,0.00123596,-nan,767.00000000,0.00488075,0.000000,0.000000
879.89947942,0.00564895,0.00231895,-nan,797.00000000,0.00753069,0.000000,0.000000
879.99931414,0.00579898,0.00140047,0.00000277,804.00000000,0.00669916,0.000000,0.000000
880.09994708,0.00723772,0.00206670,0.00000627,768.00000000,0.01730890,0.000000,0.000000
880.19979026,0.00855384,0.00263938,0.00000186,794.00000000,0.01908282,0.000000,0.000000
880.29962543,0.00826672,0.00064708,0.00000225,811.00000000,0.00568265,0.000000,0.000000
880.39946591,0.00797271,0.00037885,0.00000173,828.00000000,0.00503264,0.000000,0.000000
880.49930997,0.00790087,0.00081031,0.00000255,870.00000000,0.00711053,0.000000,0.000000
880.59993975,0.00779778,0.00063474,0.00000242,873.00000000,0.00656073,0.000000,0.000000
880.69978113,0.00810948,0.00269368,0.00000104,814.00000000,0.01216163,0.000000,0.000000
880.79961131,0.00787709,0.00040654,0.00000167,852.00000000,0.00462361,0.000000,0.000000
880.89944839,0.00796867,0.00109147,0.00000362,830.00000000,0.00934241,0.000000,0.000000
880.99928323,0.00822878,0.00150916,0.00000531,847.00000000,0.01239050,0.000000,0.000000
881.09992621,0.00812315,0.00042286,0.00000240,851.00000000,0.00632743,0.000000,0.000000
881.19975783,0.00823377,0.00052987,0.00000453,856.00000000,0.01022501,0.000000,0.000000
881.29960471,0.00851528,0.00195130,0.00000123,872.00000000,0.01386383,0.000000,0.000000
881.39943181,0.00826552,0.00033372,0.00000131,874.00000000,0.00327043,0.000000,0.000000
881.49967141,0.00815402,0.00056973,0.00000145,894.00000000,0.00581249,0.000000,0.000000
881.59950055,0.00797981,0.00036356,0.00000208,905.00000000,0.00414712,0.000000,0.000000
881.69933169,0.00780970,0.00038256,0.00000138,924.00000000,0.00389724,0.000000,0.000000
881.79997587,0.00766452,0.00038708,0.00000143,874.00000000,0.00418019,0.000000,0.000000
881.89982037,0.00781316,0.00168224,0.00000106,879.00000000,0.01152922,0.000000,0.000000
881.99967213,0.00769806,0.00041305,0.00000191,936.00000000,0.00470552,0.000000,0.000000
882.09950669,0.00761274,0.00072554,0.00000172,948.00000000,0.00530909,0.000000,0.000000
882.19934547,0.00760794,0.00131976,0.00000199,926.00000000,0.00747349,0.000000,0.000000
882.29960057,0.00749496,0.00047691,0.00000147,960.00000000,0.00421860,0.000000,0.000000
882.39943501,0.00761209,0.00160194,0.00000116,986.00000000,0.01112574,0.000000,0.000000
882.49966733,0.00752172,0.00055676,0.00000147,994.00000000,0.00472042,0.000000,0.000000
882.59950971,0.00746835,0.00048716,0.00000201,1013.00000000,0.00576048,0.000000,0.000000
882.69935975,0.00749424,0.00088193,0.00000329,981.00000000,0.00834865,0.000000,0.000000
882.79999417,0.00740790,0.00054249,0.00000156,1043.00000000,0.00447238,0.000000,0.000000
882.89982437,0.00732166,0.00045384,0.00000142,1058.00000000,0.00430333,0.000000,0.000000
882.99968385,0.00727543,0.00044832,0.00000153,1055.00000000,0.00561087,0.000000,0.000000
883.09952331,0.00720466,0.00045862,0.00000162,1029.00000000,0.00458639,0.000000,0.000000
883.19937021,0.00718324,0.00055617,0.00000279,1051.00000000,0.00636927,0.000000,0.000000
883.29962143,0.00710887,0.00038396,0.00000147,1071.00000000,0.00420830,0.000000,0.000000
883.39946437,0.00705912,0.00066310,0.00000154,1099.00000000,0.00506933,0.000000,0.000000
883.49929817,0.00708584,0.00060548,0.00000289,1093.00000000,0.00818111,0.000000,0.000000
883.59995087,0.00701482,0.00042597,0.00000157,1078.00000000,0.00403195,0.000000,0.000000
883.69980571,0.00701617,0.00069768,0.00000265,1082.00000000,0.00707421,0.000000,0.000000
883.79963663,0.00704200,0.00140681,0.00000266,1108.00000000,0.00817874,0.000000,0.000000
883.89947215,0.00696644,0.00031064,0.00000169,1100.00000000,0.00356631,0.000000,0.000000
883.99930769,0.00692608,0.00054377,0.00000181,1100.00000000,0.00506913,0.000000,0.000000
884.09996337,0.00687579,0.00050809,0.00000149,1107.00000000,0.00451246,0.000000,0.000000
884.19980831,0.00681622,0.00033525,0.00000178,1121.00000000,0.00395664,0.000000,0.000000
884.29964766,0.00683157,0.00034794,0.00000400,1127.00000000,0.00758364,0.000000,0.000000
884.39950344,0.00675988,0.00028639,0.00000157,1116.00000000,0.00317558,0.000000,0.000000
884.49934898,0.00670723,0.00031529,0.00000233,1106.00000000,0.00402230,0.000000,0.000000
884.59999136,0.00665981,0.00030427,0.00000198,1121.00000000,0.00419375,0.000000,0.000000
884.69983650,0.00660178,0.00028549,0.00000136,1123.00000000,0.00352639,0.000000,0.000000
884.79967878,0.00660424,0.00068464,0.00000259,1123.00000000,0.00673696,0.000000,0.000000
884.89951290,0.00657968,0.00049706,0.00000267,1116.00000000,0.00522869,0.000000,0.000000
884.99935486,0.00655811,0.00034478,0.00000334,1121.00000000,0.00535023,0.000000,0.000000
885.09999024,0.00651072,0.00042442,0.00000164,1130.00000000,0.00380981,0.000000,0.000000
885.19983968,0.00647245,0.00081944,0.00000229,1136.00000000,0.00425232,0.000000,0.000000
885.29968629,0.00640524,0.00022554,0.00000134,1106.00000000,0.00243984,0.000000,0.000000
885.39952567,0.00633635,0.00020658,0.00000127,1115.00000000,0.00220307,0.000000,0.000000
885.49935861,0.00629960,0.00023197,0.00000184,1121.00000000,0.00405800,0.000000,0.000000
885.59960805,0.00626040,0.00033938,0.00000143,1133.00000000,0.00382999,0.000000,0.000000
885.69943963,0.00619540,0.00017655,0.00000121,1135.00000000,0.00210064,0.000000,0.000000
885.79928711,0.00613613,0.00025751,0.00000128,1139.00000000,0.00234239,0.000000,0.000000
885.89993437,0.00622293,0.00134228,0.00000107,1131.00000000,0.01186533,0.000000,0.000000
885.99977745,0.00617813,0.00027618,0.00000136,1110.00000000,0.00322113,0.000000,0.000000
886.09962163,0.00612662,0.00019082,0.00000150,1128.00000000,0.00267575,0.000000,0.000000
886.19946733,0.00606988,0.00017693,0.00000146,1128.00000000,0.00221101,0.000000,0.000000
886.29931925,0.00601746,0.00023579,0.00000170,1145.00000000,0.00240068,0.000000,0.000000
886.39997421,0.00598758,0.00026379,0.00000205,1144.00000000,0.00389621,0.000000,0.000000
886.49981005,0.00594532,0.00022599,0.00000162,1148.00000000,0.00294507,0.000000,0.000000
886.59963751,0.00590495,0.00022752,0.00000159,1149.00000000,0.00299815,0.000000,0.000000
886.69947063,0.00586059,0.00012223,0.00000157,1164.00000000,0.00262224,0.000000,0.000000
886.79930451,0.00582434,0.00027214,0.00000274,1154.00000000,0.00314199,0.000000,0.000000
886.89993639,0.00578166,0.00015293,0.00000143,1125.00000000,0.00258053,0.000000,0.000000
886.99977339,0.00572328,0.00007754,0.00000143,1132.00000000,0.00128642,0.000000,0.000000
887.09961635,0.00566532,0.00007131,0.00000180,1136.00000000,0.00120244,0.000000,0.000000
887.19945185,0.00561094,0.00010388,0.00000246,1138.00000000,0.00136905,0.000000,0.000000
887.29929235,0.00555869,0.00012431,0.00000262,1137.00000000,0.00143103,0.000000,0.000000
887.39994233,0.00551554,0.00005851,0.00000426,1145.00000000,0.00206345,0.000000,0.000000
887.49978369,0.00545613,0.00003313,0.00000224,1149.00000000,0.00064367,0.000000,0.000000
887.59962701,0.00540348,0.00002625,0.00000252,1153.00000000,0.00108646,0.000000,0.000000
887.69946625,0.00534714,0.00001582,0.00000224,1154.00000000,0.00067052,0.000000,0.000000
887.79929249,0.00529111,0.00004781,0.00000242,1154.00000000,0.00058477,0.000000,0.000000
887.89992463,0.00523762,0.00002348,0.00000324,1156.00000000,0.00069158,0.000000,0.000000
887.99974583,0.00518361,0.00000960,0.00000218,1148.00000000,0.00053817,0.000000,0.000000
888.09960021,0.00513870,0.00002759,0.00000828,1149.00000000,0.00123184,0.000000,0.000000
888.19944101,0.00508590,0.00002012,0.00000263,1150.00000000,0.00043939,0.000000,0.000000
888.29967697,0.00503722,0.00003182,0.00000232,1157.00000000,0.00070509,0.000000,0.000000
888.39953451,0.00502171,0.00000775,0.00000223,1164.00000000,0.00362581,0.000000,0.000000
888.49936789,0.00498055,0.00010716,0.00000162,1168.00000000,0.00123425,0.000000,0.000000
888.59960799,0.00493321,0.00001183,0.00000317,1177.00000000,0.00057801,0.000000,0.000000
888.69944787,0.00489018,0.00010779,0.00000124,1181.00000000,0.00088868,0.000000,0.000000
888.79928697,0.00484977,0.00017992,0.00000151,1201.00000000,0.00105124,0.000000,0.000000
888.89992013,0.00481653,0.00016250,0.00000230,1212.00000000,0.00165905,0.000000,0.000000
888.99976721,0.00477320,0.00002379,0.00000171,1226.00000000,0.00061329,0.000000,0.000000
889.09960211,0.00473109,0.00003716,0.00000142,1226.00000000,0.00064675,0.000000,0.000000
889.19945859,0.00472086,0.00013589,0.00000126,1240.00000000,0.00371742,0.000000,0.000000
889.29929700,0.00469037,0.00017497,0.00000153,1256.00000000,0.00167188,0.000000,0.000000
889.39992638,0.00468876,0.00039441,0.00000233,1277.00000000,0.00452776,0.000000,0.000000
889.49977632,0.00466424,0.00023583,0.00000142,1218.00000000,0.00218827,0.000000,0.000000
889.59961758,0.00463886,0.00026316,0.00000128,1248.00000000,0.00205035,0.000000,0.000000
889.69946936,0.00463844,0.00043400,0.00000179,1267.00000000,0.00459504,0.000000,0.000000
889.79931214,0.00461197,0.00062142,0.00000150,1264.00000000,0.00185836,0.000000,0.000000
889.89996220,0.00458541,0.00055794,0.00000129,1329.00000000,0.00179706,0.000000,0.000000
889.99980778,0.00456037,0.00047239,0.00000145,1420.00000000,0.00190635,0.000000,0.000000
890.09965036,0.00457884,0.00126428,0.00000240,1526.00000000,0.00655444,0.000000,0.000000
890.19948228,0.00458877,0.00086257,0.00000233,1665.00000000,0.00566180,0.000000,0.000000
890.29931621,0.00457578,0.00067253,0.00000169,1787.00000000,0.00315939,0.000000,0.000000
890.39996027,0.00457705,0.00096705,0.00000283,1823.00000000,0.00471752,0.000000,0.000000
890.49980157,0.00456077,0.00060174,0.00000154,1888.00000000,0.00275328,0.000000,0.000000
890.59963141,0.00454993,0.00069916,0.00000182,1997.00000000,0.00333606,0.000000,0.000000
890.69946041,0.00453833,0.00050579,0.00000162,2015.00000000,0.00322701,0.000000,0.000000
890.79929397,0.00453821,0.00109091,0.00000203,2162.00000000,0.00452467,0.000000,0.000000
890.89993287,0.00454002,0.00096998,0.00000192,2240.00000000,0.00474812,0.000000,0.000000
890.99977477,0.00453543,0.00062475,0.00000174,2306.00000000,0.00400341,0.000000,0.000000
891.09962183,0.00452945,0.00066057,0.00000146,2351.00000000,0.00383001,0.000000,0.000000
891.19944931,0.00452729,0.00082982,0.00000155,2360.00000000,0.00427224,0.000000,0.000000
891.29929734,0.00453181,0.00062967,0.00000241,2431.00000000,0.00507000,0.000000,0.000000
891.39993914,0.00453170,0.00073302,0.00000158,2452.00000000,0.00451828,0.000000,0.000000
891.49977332,0.00453314,0.00065778,0.00000164,2398.00000000,0.00470759,0.000000,0.000000
891.59960950,0.00453565,0.00061377,0.00000170,2432.00000000,0.00484124,0.000000,0.000000
891.69944200,0.00453672,0.00061082,0.00000192,2524.00000000,0.00466859,0.000000,0.000000
891.79929310,0.00460414,0.00281983,0.00000362,2564.00000000,0.01296376,0.000000,0.000000
891.89993212,0.00461138,0.00048661,0.00000157,2448.00000000,0.00551615,0.000000,0.000000
891.99977970,0.00461688,0.00073411,0.00000225,2498.00000000,0.00530997,0.000000,0.000000
892.09961372,0.00462294,0.00091457,0.00000164,2545.00000000,0.00539350,0.000000,0.000000
892.19944368,0.00463252,0.00101088,0.00000175,2556.00000000,0.00585784,0.000000,0.000000
892.29928885,0.00466670,0.00052813,0.00000390,2626.00000000,0.00907615,0.000000,0.000000
892.39993587,0.00468371,0.00051302,0.00000338,2587.00000000,0.00689570,0.000000,0.000000
892.49978805,0.00468283,0.00053451,0.00000156,2615.00000000,0.00456671,0.000000,0.000000
892.59963865,0.00467784,0.00045848,0.00000153,2623.00000000,0.00401896,0.000000,0.000000
892.69947909,0.00469095,0.00062422,0.00000232,2648.00000000,0.00643529,0.000000,0.000000
892.79930659,0.00468642,0.00051412,0.00000161,2672.00000000,0.00407919,0.000000,0.000000
892.89993909,0.00467749,0.00049202,0.00000139,2671.00000000,0.00347232,0.000000,0.000000
892.99978705,0.00467474,0.00047513,0.00000188,2691.00000000,0.00430068,0.000000,0.000000
893.09963623,0.00467704,0.00082328,0.00000177,2685.00000000,0.00499155,0.000000,0.000000
893.19949539,0.00466846,0.00053600,0.00000147,2690.00000000,0.00348451,0.000000,0.000000
893.29934184,0.00467785,0.00087069,0.00000179,2661.00000000,0.00598360,0.000000,0.000000
893.39997400,0.00466864,0.00047791,0.00000139,2664.00000000,0.00337907,0.000000,0.000000
893.49981218,0.00465961,0.00047798,0.00000141,2689.00000000,0.00338560,0.000000,0.000000
893.59964512,0.00466204,0.00080583,0.00000169,2693.00000000,0.00500763,0.000000,0.000000
893.69949568,0.00465975,0.00051624,0.00000161,2729.00000000,0.00433300,0.000000,0.000000
893.79934380,0.00465722,0.00057319,0.00000159,2748.00000000,0.00429192,0.000000,0.000000
893.89998538,0.00465699,0.00060956,0.00000188,2713.00000000,0.00462454,0.000000,0.000000
893.99982574,0.00465289,0.00051617,0.00000149,2731.00000000,0.00405330,0.000000,0.000000
894.09966786,0.00467134,0.00080022,0.00000277,2745.00000000,0.00738362,0.000000,0.000000
894.19951530,0.00467437,0.00065302,0.00000189,2769.00000000,0.00512320,0.000000,0.000000
894.29935976,0.00467187,0.00064975,0.00000182,2773.00000000,0.00429964,0.000000,0.000000
894.39998826,0.00467410,0.00047678,0.00000218,2798.00000000,0.00500756,0.000000,0.000000
894.49983036,0.00467840,0.00128399,0.00000171,2816.00000000,0.00532911,0.000000,0.000000
894.59967288,0.00467135,0.00044131,0.00000150,2732.00000000,0.00359918,0.000000,0.000000
894.69951512,0.00468003,0.00110917,0.00000237,2747.00000000,0.00600856,0.000000,0.000000
894.79934244,0.00469038,0.00112322,0.00000226,2774.00000000,0.00628330,0.000000,0.000000
894.89999630,0.00468745,0.00068491,0.00000177,2787.00000000,0.00423423,0.000000,0.000000
894.99981930,0.00468857,0.00066682,0.00000168,2812.00000000,0.00486269,0.000000,0.000000
895.09965886,0.00468327,0.00041517,0.00000180,2819.00000000,0.00385160,0.000000,0.000000
895.19949690,0.00474931,0.00186296,0.00000691,2835.00000000,0.01518305,0.000000,0.000000
895.29932773,0.00475588,0.00070808,0.00000203,2833.00000000,0.00580117,0.000000,0.000000
895.39997011,0.00475974,0.00039006,0.00000253,2806.00000000,0.00537630,0.000000,0.000000
895.49980021,0.00476126,0.00067316,0.00000180,2817.00000000,0.00500702,0.000000,0.000000
895.59964131,0.00475359,0.00038527,0.00000166,2843.00000000,0.00350999,0.000000,0.000000
895.69947457,0.00474997,0.00061457,0.00000164,2845.00000000,0.00416125,0.000000,0.000000
895.79932217,0.00475242,0.00032382,0.00000184,2806.00000000,0.00515295,0.000000,0.000000
895.89996283,0.00475021,0.00064384,0.00000171,2815.00000000,0.00438528,0.000000,0.000000
895.99979253,0.00473805,0.00037662,0.00000154,2839.00000000,0.00271949,0.000000,0.000000
896.09962753,0.00475659,0.00053227,0.00000444,2855.00000000,0.00785405,0.000000,0.000000
896.19947091,0.00474737,0.00032769,0.00000167,2877.00000000,0.00319721,0.000000,0.000000
896.29930944,0.00476790,0.00110365,0.00000423,2866.00000000,0.00823839,0.000000,0.000000
896.39995006,0.00476047,0.00035513,0.00000193,2873.00000000,0.00349712,0.000000,0.000000
896.49979664,0.00476627,0.00036710,0.00000294,2887.00000000,0.00575849,0.000000,0.000000
896.59962194,0.00476016,0.00033484,0.00000180,2869.00000000,0.00370856,0.000000,0.000000
896.69945880,0.00475339,0.00053566,0.00000186,2885.00000000,0.00358283,0.000000,0.000000
896.79930036,0.00475158,0.00045805,0.00000225,2878.00000000,0.00443559,0.000000,0.000000
896.89993276,0.00474196,0.00028830,0.00000186,2879.00000000,0.00305994,0.000000,0.000000
896.99977268,0.00473100,0.00029730,0.00000161,2890.00000000,0.00280166,0.000000,0.000000
897.09961840,0.00472371,0.00029176,0.00000169,2889.00000000,0.00343223,0.000000,0.000000
897.19945466,0.00473078,0.00035627,0.00000395,2914.00000000,0.00598919,0.000000,0.000000
897.29929365,0.00471918,0.00034642,0.00000160,2914.00000000,0.00264379,0.000000,0.000000
897.39993371,0.00470653,0.00029794,0.00000149,2887.00000000,0.00242894,0.000000,0.000000
897.49977295,0.00470041,0.00031495,0.00000185,2898.00000000,0.00359371,0.000000,0.000000
897.59959895,0.00469103,0.00031256,0.00000202,2925.00000000,0.00298325,0.000000,0.000000
897.69942299,0.00468042,0.00028493,0.00000148,2948.00000000,0.00273833,0.000000,0.000000
897.79965567,0.00467057,0.00031197,0.00000170,2953.00000000,0.00285912,0.000000,0.000000
897.89950151,0.00466177,0.00036052,0.00000188,2967.00000000,0.00303253,0.000000,0.000000
897.99933115,0.00465228,0.00027904,0.00000169,2791.00000000,0.00288715,0.000000,0.000000
898.09997817,0.00464269,0.00026458,0.00000173,2815.00000000,0.00285015,0.000000,0.000000
898.19982903,0.00463429,0.00030916,0.00000168,2839.00000000,0.00305470,0.000000,0.000000
898.29966649,0.00462515,0.00026418,0.00000168,2835.00000000,0.00289840,0.000000,0.000000
898.39950545,0.00461216,0.00022958,0.00000153,2861.00000000,0.00214460,0.000000,0.000000
898.49934675,0.00460330,0.00024465,0.00000273,2874.00000000,0.00290981,0.000000,0.000000
898.59997331,0.00459024,0.00020687,0.00000167,2879.00000000,0.00208289,0.000000,0.000000
898.69981325,0.00459726,0.00056809,0.00000568,2902.00000000,0.00595159,0.000000,0.000000
898.79965243,0.00458966,0.00040256,0.00000253,2885.00000000,0.00311656,0.000000,0.000000
898.89949789,0.00457679,0.00031358,0.00000210,2899.00000000,0.00206603,0.000000,0.000000
898.99934677,0.00456112,0.00023555,0.00000161,2903.00000000,0.00149027,0.000000,0.000000
899.09998531,0.00454505,0.00016745,0.00000163,2902.00000000,0.00137921,0.000000,0.000000
899.19982471,0.00453034,0.00023762,0.00000185,2915.00000000,0.00161724,0.000000,0.000000
899.29966817,0.00451764,0.00027815,0.00000238,2912.00000000,0.00199078,0.000000,0.000000
899.39951395,0.00452479,0.00044771,0.00000452,2923.00000000,0.00595490,0.000000,0.000000
899.49934830,0.00450828,0.00014270,0.00000154,2938.00000000,0.00118977,0.000000,0.000000
899.59999285,0.00449295,0.00016646,0.00000181,2952.00000000,0.00139647,0.000000,0.000000
899.69981599,0.00447903,0.00018814,0.00000275,2959.00000000,0.00165315,0.000000,0.000000
899.79966498,0.00446255,0.00008548,0.00000223,2961.00000000,0.00110016,0.000000,0.000000
899.89951030,0.00444645,0.00010956,0.00000226,2966.00000000,0.00114552,0.000000,0.000000
899.99934195,0.00443618,0.00043537,0.00000446,2980.00000000,0.00232193,0.000000,0.000000
900.09997072,0.00442107,0.00001220,0.00000289,2971.00000000,0.00129256,0.000000,0.000000
900.19982452,0.00440468,0.00005006,0.00000776,2976.00000000,0.00099490,0.000000,0.000000
900.29966687,0.00439162,0.00006561,0.00000226,2979.00000000,0.00166246,0.000000,0.000000
900.39949827,0.00437400,0.00005100,0.00000510,2997.00000000,0.00067470,0.000000,0.000000
900.49934663,0.00435729,0.00004663,0.00000459,3001.00000000,0.00083108,0.000000,0.000000
900.59998275,0.00434188,0.00003304,0.00000272,3005.00000000,0.00107470,0.000000,0.000000
900.69982365,0.00432616,0.00011897,0.00000167,3012.00000000,0.00097908,0.000000,0.000000
900.79966381,0.00431015,0.00015933,0.00000154,3020.00000000,0.00088318,0.000000,0.000000
900.89950525,0.00429391,0.00003939,0.00000138,3047.00000000,0.00080285,0.000000,0.000000
900.99934801,0.00427772,0.00008378,0.00000169,3065.00000000,0.00078095,0.000000,0.000000
901.09999379,0.00426258,0.00004279,0.00000190,3074.00000000,0.00097708,0.000000,0.000000
901.19982783,0.00424909,0.00026543,0.00000206,3082.00000000,0.00130847,0.000000,0.000000
901.29967510,0.00424119,0.00019063,0.00000170,3098.00000000,0.00250938,0.000000,0.000000
901.39951956,0.00422772,0.00028415,0.00000156,3129.00000000,0.00126544,0.000000,0.000000
901.49935744,0.00421667,0.00053672,0.00000144,3172.00000000,0.00177475,0.000000,0.000000
901.59999228,0.00421246,0.00122114,0.00000162,3246.00000000,0.00327634,0.000000,0.000000
901.69981818,0.00420403,0.00055977,0.00000157,3353.00000000,0.00232464,0.000000,0.000000
901.79965926,0.00420321,0.00145927,0.00000234,3570.00000000,0.00402098,0.000000,0.000000
901.89949788,0.00420276,0.00108366,0.00000173,3689.00000000,0.00410077,0.000000,0.000000
901.99934888,0.00420291,0.00139984,0.00000189,4028.00000000,0.00423663,0.000000,0.000000
902.09997524,0.00420042,0.00074353,0.00000172,4244.00000000,0.00363523,0.000000,0.000000
902.19981192,0.00420239,0.00085445,0.00000180,4494.00000000,0.00465161,0.000000,0.000000
902.29966141,0.00420251,0.00084190,0.00000170,4631.00000000,0.00422907,0.000000,0.000000
902.39950089,0.00420320,0.00082269,0.00000155,4614.00000000,0.00436204,0.000000,0.000000
902.49933403,0.00420241,0.00098291,0.00000154,4910.00000000,0.00402081,0.000000,0.000000
902.59996789,0.00420433,0.00103082,0.00000185,5094.00000000,0.00465001,0.000000,0.000000
902.69981161,0.00421269,0.00091574,0.00000162,4992.00000000,0.00616002,0.000000,0.000000
902.79965061,0.00423385,0.00153830,0.00000213,5272.00000000,0.00918615,0.000000,0.000000
902.89949321,0.00423696,0.00108332,0.00000157,5449.00000000,0.00496594,0.000000,0.000000
902.99934177,0.00424445,0.00111783,0.00000169,5578.00000000,0.00601355,0.000000,0.000000
903.09998639,0.00425930,0.00170747,0.00000163,5654.00000000,0.00777785,0.000000,0.000000
903.19981973,0.00427158,0.00115973,0.00000169,5789.00000000,0.00719409,0.000000,0.000000
903.29965814,0.00427776,0.00096493,0.00000169,5882.00000000,0.00575514,0.000000,0.000000
903.39949698,0.00428900,0.00126285,0.00000240,5923.00000000,0.00698618,0.000000,0.000000
903.49934284,0.00430645,0.00155931,0.00000223,6008.00000000,0.00851281,0.000000,0.000000
903.59997810,0.00431512,0.00100154,0.00000236,6097.00000000,0.00641377,0.000000,0.000000
903.69981846,0.00432407,0.00145266,0.00000164,5888.00000000,0.00649785,0.000000,0.000000
903.79965032,0.00433751,0.00079757,0.00000285,5983.00000000,0.00761728,0.000000,0.000000
903.89949114,0.00434032,0.00092689,0.00000191,6110.00000000,0.00502977,0.000000,0.000000
903.99933344,0.00435940,0.00180792,0.00000156,6157.00000000,0.00905111,0.000000,0.000000
904.09997218,0.00436386,0.00087202,0.00000184,6002.00000000,0.00546749,0.000000,0.000000
904.19981734,0.00437125,0.00078217,0.00000192,6088.00000000,0.00620311,0.000000,0.000000
904.29965971,0.00437445,0.00081214,0.00000179,6155.00000000,0.00517092,0.000000,0.000000
904.39950485,0.00437627,0.00083477,0.00000164,6237.00000000,0.00483140,0.000000,0.000000
904.49935219,0.00439157,0.00146353,0.00000196,6279.00000000,0.00823104,0.000000,0.000000
904.59999849,0.00441792,0.00154990,0.00000202,6340.00000000,0.01105859,0.000000,0.000000
904.69980977,0.00445162,0.00157978,0.00000179,6440.00000000,0.01297731,0.000000,0.000000
904.79964881,0.00446529,0.00141950,0.00000145,6471.00000000,0.00793756,0.000000,0.000000
904.89947513,0.00446939,0.00077622,0.00000183,6482.00000000,0.00551573,0.000000,0.000000
904.99931633,0.00447896,0.00092560,0.00000218,6515.00000000,0.00692873,0.000000,0.000000
905.09995895,0.00449199,0.00285448,0.00000172,6529.00000000,0.00783985,0.000000,0.000000
905.19979723,0.00451180,0.00110682,0.00000433,6539.00000000,0.00962369,0.000000,0.000000
905.29964318,0.00453642,0.00233575,0.00000187,6567.00000000,0.01091185,0.000000,0.000000
905.39948918,0.00453803,0.00063448,0.00000209,6592.00000000,0.00495713,0.000000,0.000000
905.49932828,0.00453673,0.00068409,0.00000156,6606.00000000,0.00419897,0.000000,0.000000
905.59995658,0.00453739,0.00061942,0.00000187,6617.00000000,0.00471050,0.000000,0.000000
905.69979540,0.00455552,0.00235341,0.00000345,6643.00000000,0.00932215,0.000000,0.000000
905.79962532,0.00455704,0.00065961,0.00000172,6637.00000000,0.00495956,0.000000,0.000000
905.89946388,0.00456140,0.00071683,0.00000229,6677.00000000,0.00571456,0.000000,0.000000
905.99930574,0.00458217,0.00150206,0.00000177,6644.00000000,0.01010861,0.000000,0.000000
906.09994230,0.00459366,0.00079474,0.00000211,6678.00000000,0.00766092,0.000000,0.000000
906.19976358,0.00459275,0.00065759,0.00000168,6690.00000000,0.00434920,0.000000,0.000000
906.29961121,0.00459106,0.00069667,0.00000162,6706.00000000,0.00413665,0.000000,0.000000
906.39945827,0.00461138,0.00063944,0.00000414,6687.00000000,0.01009784,0.000000,0.000000
906.49930477,0.00461603,0.00079961,0.00000186,6693.00000000,0.00587565,0.000000,0.000000
906.59995301,0.00464852,0.00153612,0.00000250,6706.00000000,0.01348725,0.000000,0.000000
906.69979259,0.00465348,0.00069539,0.00000211,6700.00000000,0.00600691,0.000000,0.000000
906.79963841,0.00465994,0.00101952,0.00000208,6701.00000000,0.00642843,0.000000,0.000000
906.89948897,0.00466439,0.00066721,0.00000238,6723.00000000,0.00588948,0.000000,0.000000
906.99932093,0.00466747,0.00064026,0.00000214,6755.00000000,0.00551784,0.000000,0.000000
907.09997001,0.00467000,0.00069765,0.00000196,6750.00000000,0.00537015,0.000000,0.000000
907.19980275,0.00467183,0.00069473,0.00000211,6752.00000000,0.00518129,0.000000,0.000000
907.29965789,0.00469647,0.00145230,0.00000216,6761.00000000,0.01157139,0.000000,0.000000
907.39950361,0.00470308,0.00070671,0.00000233,6792.00000000,0.00655327,0.000000,0.000000
907.49934547,0.00470625,0.00065360,0.00000190,6801.00000000,0.00559644,0.000000,0.000000
907.59998597,0.00472865,0.00209848,0.00000200,6816.00000000,0.01104496,0.000000,0.000000
907.69983175,0.00472577,0.00060078,0.00000162,6865.00000000,0.00391237,0.000000,0.000000
907.79969113,0.00475175,0.00153892,0.00000230,6883.00000000,0.01212841,0.000000,0.000000
907.89952517,0.00475369,0.00078229,0.00000226,6856.00000000,0.00530679,0.000000,0.000000
907.99936657,0.00475584,0.00062407,0.00000225,6884.00000000,0.00537017,0.000000,0.000000
908.09961527,0.00475569,0.00058260,0.00000186,6891.00000000,0.00471477,0.000000,0.000000
908.19946995,0.00475982,0.00088385,0.00000244,6896.00000000,0.00594749,0.000000,0.000000
908.29929580,0.00475997,0.00066663,0.00000189,6910.00000000,0.00480471,0.000000,0.000000
908.39993430,0.00475723,0.00061472,0.00000174,6925.00000000,0.00396211,0.000000,0.000000
908.49979928,0.00475674,0.00065114,0.00000187,6959.00000000,0.00461488,0.000000,0.000000
908.59962590,0.00476995,0.00184751,0.00000153,6967.00000000,0.00862708,0.000000,0.000000
908.69945516,0.00476990,0.00108767,0.00000181,7007.00000000,0.00475531,0.000000,0.000000
908.79929708,0.00476989,0.00062505,0.00000180,6985.00000000,0.00476589,0.000000,0.000000
908.89993460,0.00477061,0.00057367,0.00000176,7009.00000000,0.00498377,0.000000,0.000000
908.99977308,0.00476740,0.00066212,0.00000170,7039.00000000,0.00381812,0.000000,0.000000
909.09961008,0.00476711,0.00058986,0.00000170,7034.00000000,0.00467829,0.000000,0.000000
909.19945792,0.00476784,0.00064674,0.00000213,7027.00000000,0.00498733,0.000000,0.000000
909.29929359,0.00476537,0.00059260,0.00000174,7059.00000000,0.00402665,0.000000,0.000000
909.39993749,0.00476691,0.00059575,0.00000211,7042.00000000,0.00522772,0.000000,0.000000
909.49976373,0.00476930,0.00094080,0.00000204,7038.00000000,0.00548979,0.000000,0.000000
909.59960853,0.00477239,0.00116395,0.00000224,7029.00000000,0.00570403,0.000000,0.000000
909.69944813,0.00477376,0.00053087,0.00000236,7033.00000000,0.00518894,0.000000,0.000000
909.79928031,0.00477567,0.00139262,0.00000186,7054.00000000,0.00535589,0.000000,0.000000
909.89992795,0.00477668,0.00062921,0.00000186,7104.00000000,0.00508705,0.000000,0.000000
909.99977023,0.00478182,0.00144721,0.00000259,7126.00000000,0.00635274,0.000000,0.000000
910.09961373,0.00480350,0.00229200,0.00000175,7132.00000000,0.01146013,0.000000,0.000000
910.19946881,0.00482923,0.00170856,0.00000496,7183.00000000,0.01275423,0.000000,0.000000
910.29930727,0.00483051,0.00064587,0.00000186,7205.00000000,0.00522714,0.000000,0.000000
910.39994485,0.00483600,0.00084572,0.00000258,7197.00000000,0.00653734,0.000000,0.000000
910.49978027,0.00483789,0.00059026,0.00000227,7210.00000000,0.00542523,0.000000,0.000000
910.59961967,0.00483902,0.00058202,0.00000208,7196.00000000,0.00519176,0.000000,0.000000
910.69945645,0.00483969,0.00062590,0.00000243,7195.00000000,0.00505050,0.000000,0.000000
910.79931139,0.00484619,0.00141990,0.00000233,7168.00000000,0.00688470,0.000000,0.000000
910.89995465,0.00484680,0.00085016,0.00000191,7182.00000000,0.00504107,0.000000,0.000000
910.99979279,0.00484556,0.00080814,0.00000170,7142.00000000,0.00445365,0.000000,0.000000
911.09962619,0.00484349,0.00053996,0.00000168,7177.00000000,0.00418573,0.000000,0.000000
911.19947477,0.00483948,0.00052605,0.00000159,7200.00000000,0.00356468,0.000000,0.000000
911.29932273,0.00483620,0.00052547,0.00000166,7219.00000000,0.00378999,0.000000,0.000000
911.39996885,0.00483473,0.00055411,0.00000181,7229.00000000,0.00436455,0.000000,0.000000
911.49981549,0.00483957,0.00081610,0.00000207,7226.00000000,0.00639462,0.000000,0.000000
911.59966605,0.00483699,0.00047084,0.00000174,7228.00000000,0.00400632,0.000000,0.000000
911.69949791,0.00484068,0.00122767,0.00000235,7243.00000000,0.00603206,0.000000,0.000000
911.79934469,0.00483638,0.00046681,0.00000171,7262.00000000,0.00344167,0.000000,0.000000
911.89998633,0.00485505,0.00063604,0.00000595,7276.00000000,0.01092235,0.000000,0.000000
911.99983327,0.00485676,0.00054376,0.00000194,7273.00000000,0.00541635,0.000000,0.000000
912.09966825,0.00485272,0.00049674,0.00000173,7306.00000000,0.00352891,0.000000,0.000000
912.19949561,0.00485004,0.00094672,0.00000167,7321.00000000,0.00397195,0.000000,0.000000
912.29935161,0.00484565,0.00054599,0.00000173,7322.00000000,0.00340208,0.000000,0.000000
912.39999873,0.00484518,0.00057121,0.00000242,7315.00000000,0.00468969,0.000000,0.000000
912.49984037,0.00484240,0.00041423,0.00000174,6963.00000000,0.00392284,0.000000,0.000000
912.59969175,0.00485090,0.00045657,0.00000179,7006.00000000,0.00767183,0.000000,0.000000
912.69952635,0.00484543,0.00045668,0.00000159,7035.00000000,0.00302581,0.000000,0.000000
912.79935407,0.00484516,0.00080211,0.00000186,7064.00000000,0.00475357,0.000000,0.000000
912.89999459,0.00484445,0.00071960,0.00000197,7097.00000000,0.00460560,0.000000,0.000000
912.99985051,0.00483847,0.00042235,0.00000166,7158.00000000,0.00283035,0.000000,0.000000
913.09970353,0.00483238,0.00039492,0.00000162,7180.00000000,0.00278056,0.000000,0.000000
913.19954455,0.00482509,0.00031313,0.00000182,7197.00000000,0.00236057,0.000000,0.000000
913.29938033,0.00482316,0.00169379,0.00000234,7201.00000000,0.00416738,0.000000,0.000000
913.39961577,0.00481996,0.00054304,0.00000148,7207.00000000,0.00373366,0.000000,0.000000
913.49944501,0.00481190,0.00023756,0.00000190,7244.00000000,0.00206473,0.000000,0.000000
913.59930151,0.00480313,0.00030385,0.00000189,7253.00000000,0.00180316,0.000000,0.000000
913.69994555,0.00479460,0.00027222,0.00000229,7263.00000000,0.00186698,0.000000,0.000000
913.79976993,0.00478492,0.00012808,0.00000196,7272.00000000,0.00145687,0.000000,0.000000
913.89962427,0.00477472,0.00016944,0.00000162,7278.00000000,0.00125485,0.000000,0.000000
913.99947749,0.00476460,0.00034343,0.00000158,7289.00000000,0.00126136,0.000000,0.000000
914.09931691,0.00475583,0.00039538,0.00000196,7309.00000000,0.00171397,0.000000,0.000000
914.19995353,0.00475045,0.00121919,0.00000166,7407.00000000,0.00287939,0.000000,0.000000
914.29979694,0.00475944,0.00278262,0.00000283,7530.00000000,0.00789724,0.000000,0.000000
914.39965212,0.00475387,0.00110810,0.00000150,7731.00000000,0.00280235,0.000000,0.000000
914.49948870,0.00475146,0.00102516,0.00000146,7880.00000000,0.00390606,0.000000,0.000000
914.59931134,0.00474607,0.00097963,0.00000147,8158.00000000,0.00284839,0.000000,0.000000
914.69995200,0.00474760,0.00160396,0.00000249,8350.00000000,0.00528748,0.000000,0.000000
914.79978224,0.00474878,0.00167051,0.00000177,8567.00000000,0.00516706,0.000000,0.000000
914.89962714,0.00474967,0.00086386,0.00000228,8626.00000000,0.00506465,0.000000,0.000000
914.99945830,0.00475200,0.00127595,0.00000182,8847.00000000,0.00558281,0.000000,0.000000
915.09930494,0.00474988,0.00098699,0.00000165,9001.00000000,0.00399345,0.000000,0.000000
915.19994166,0.00475099,0.00114856,0.00000174,9128.00000000,0.00514639,0.000000,0.000000
915.29978536,0.00474815,0.00100255,0.00000161,9291.00000000,0.00372973,0.000000,0.000000
915.39962148,0.00475286,0.00074238,0.00000232,9288.00000000,0.00644952,0.000000,0.000000
915.49944804,0.00477750,0.00184957,0.00000237,9389.00000000,0.01367023,0.000000,0.000000
915.59928902,0.00478466,0.00166784,0.00000134,9572.00000000,0.00737699,0.000000,0.000000
915.69993270,0.00478205,0.00088686,0.00000171,9615.00000000,0.00383480,0.000000,0.000000
915.79976634,0.00479142,0.00265646,0.00000273,9383.00000000,0.00820302,0.000000,0.000000
915.89960778,0.00479385,0.00086673,0.00000174,9568.00000000,0.00567999,0.000000,0.000000
915.99944432,0.00479446,0.00091504,0.00000159,9734.00000000,0.00501989,0.000000,0.000000
916.09928102,0.00480062,0.00103905,0.00000182,9867.00000000,0.00705891,0.000000,0.000000
916.19990414,0.00479939,0.00088280,0.00000158,9950.00000000,0.00434700,0.000000,0.000000
916.29973440,0.00480110,0.00086163,0.00000185,9970.00000000,0.00543384,0.000000,0.000000
916.39957822,0.00479980,0.00091791,0.00000151,10039.00000000,0.00431687,0.000000,0.000000
916.49942862,0.00479977,0.00086730,0.00000162,10074.00000000,0.00479123,0.000000,0.000000
916.59966610,0.00480190,0.00083110,0.00000198,10097.00000000,0.00559313,0.000000,0.000000
916.69950780,0.00481655,0.00084974,0.00000445,10176.00000000,0.01028061,0.000000,0.000000
916.79935426,0.00481820,0.00076338,0.00000179,10241.00000000,0.00543487,0.000000,0.000000
916.89998610,0.00483310,0.00156811,0.00000157,10303.00000000,0.01042255,0.000000,0.000000
916.99982822,0.00484613,0.00154852,0.00000154,10329.00000000,0.00974366,0.000000,0.000000
917.09966510,0.00484466,0.00074392,0.00000155,10383.00000000,0.00429176,0.000000,0.000000
917.19950058,0.00484363,0.00079134,0.00000175,10463.00000000,0.00445326,0.000000,0.000000
917.29934395,0.00484151,0.00087976,0.00000152,10448.00000000,0.00403740,0.000000,0.000000
917.39998977,0.00485328,0.00156518,0.00000180,10395.00000000,0.00932624,0.000000,0.000000
917.49982907,0.00486331,0.00129087,0.00000218,10411.00000000,0.00868625,0.000000,0.000000
917.59967483,0.00486123,0.00074158,0.00000154,10460.00000000,0.00406506,0.000000,0.000000
917.69952405,0.00486215,0.00129856,0.00000168,10528.00000000,0.00521544,0.000000,0.000000
917.79936411,0.00486309,0.00102164,0.00000170,10575.00000000,0.00522556,0.000000,0.000000
917.89999271,0.00486051,0.00068458,0.00000142,10064.00000000,0.00386668,0.000000,0.000000
917.99981491,0.00485775,0.00069766,0.00000144,10143.00000000,0.00379095,0.000000,0.000000
918.09964977,0.00485658,0.00080699,0.00000153,10241.00000000,0.00440379,0.000000,0.000000
918.19949565,0.00485858,0.00074569,0.00000184,10286.00000000,0.00563357,0.000000,0.000000
918.29933844,0.00488492,0.00211139,0.00000260,10377.00000000,0.01513305,0.000000,0.000000
918.39995970,0.00488726,0.00079373,0.00000170,10470.00000000,0.00579795,0.000000,0.000000
918.49979276,0.00489127,0.00083427,0.00000207,10519.00000000,0.00646107,0.000000,0.000000
918.59963132,0.00489811,0.00165969,0.00000215,10570.00000000,0.00757878,0.000000,0.000000
918.69946300,0.00490318,0.00114608,0.00000215,10612.00000000,0.00689443,0.000000,0.000000
918.79929928,0.00490724,0.00098967,0.00000197,10635.00000000,0.00650840,0.000000,0.000000
918.89994464,0.00490955,0.00081774,0.00000185,10670.00000000,0.00582115,0.000000,0.000000
918.99978764,0.00491130,0.00083866,0.00000185,10692.00000000,0.00560556,0.000000,0.000000
919.09963368,0.00491316,0.00081886,0.00000186,10720.00000000,0.00565201,0.000000,0.000000
919.19947676,0.00492329,0.00226516,0.00000243,10729.00000000,0.00895226,0.000000,0.000000
919.29931016,0.00492341,0.00086848,0.00000172,10363.00000000,0.00497466,0.000000,0.000000
919.39994626,0.00493185,0.00129091,0.00000182,10447.00000000,0.00830632,0.000000,0.000000
919.49978818,0.00493483,0.00110366,0.00000181,10524.00000000,0.00612871,0.000000,0.000000
919.59962286,0.00494317,0.00161573,0.00000146,10619.00000000,0.00829512,0.000000,0.000000
919.69945652,0.00494312,0.00084709,0.00000172,10735.00000000,0.00492451,0.000000,0.000000
919.79928540,0.00495239,0.00095230,0.00000184,10762.00000000,0.00869635,0.000000,0.000000
919.89992540,0.00495513,0.00120451,0.00000200,10814.00000000,0.00606509,0.000000,0.000000
919.99976800,0.00497431,0.00230855,0.00000297,10867.00000000,0.01276222,0.000000,0.000000
920.09961998,0.00497574,0.00091072,0.00000187,10897.00000000,0.00555679,0.000000,0.000000
920.19946264,0.00497583,0.00088109,0.00000162,10921.00000000,0.00501378,0.000000,0.000000
920.29928312,0.00497552,0.00088632,0.00000167,10993.00000000,0.00484648,0.000000,0.000000
920.39992778,0.00498853,0.00138634,0.00000208,11037.00000000,0.01032535,0.000000,0.000000
920.49976508,0.00500096,0.00143340,0.00000303,11035.00000000,0.01010812,0.000000,0.000000
920.59959472,0.00500177,0.00099430,0.00000170,11066.00000000,0.00533472,0.000000,0.000000
920.69942854,0.00500669,0.00098813,0.00000202,11098.00000000,0.00703837,0.000000,0.000000
920.79966176,0.00501391,0.00094166,0.00000210,11102.00000000,0.00800561,0.000000,0.000000
920.89949716,0.00502284,0.00264829,0.00000182,11176.00000000,0.00872797,0.000000,0.000000
920.99934652,0.00502727,0.00086111,0.00000192,11226.00000000,0.00687086,0.000000,0.000000
921.09999392,0.00503359,0.00088326,0.00000261,11246.00000000,0.00766817,0.000000,0.000000
921.19983082,0.00503960,0.00097098,0.00000222,11291.00000000,0.00755102,0.000000,0.000000
921.29966843,0.00504806,0.00145464,0.00000229,11216.00000000,0.00859206,0.000000,0.000000
921.39950623,0.00505193,0.00079211,0.00000228,11246.00000000,0.00667957,0.000000,0.000000
921.49934205,0.00506034,0.00136783,0.00000201,11269.00000000,0.00860133,0.000000,0.000000
921.59998693,0.00506061,0.00079854,0.00000170,11318.00000000,0.00517499,0.000000,0.000000
921.69982289,0.00506030,0.00089144,0.00000158,11341.00000000,0.00492769,0.000000,0.000000
921.79967463,0.00506241,0.00082606,0.00000207,11364.00000000,0.00595660,0.000000,0.000000
921.89950833,0.00506395,0.00083659,0.00000168,11383.00000000,0.00571787,0.000000,0.000000
921.99934803,0.00506913,0.00138926,0.00000251,11426.00000000,0.00727899,0.000000,0.000000
922.09999017,0.00507052,0.00082182,0.00000178,11499.00000000,0.00566052,0.000000,0.000000
922.19981641,0.00507008,0.00081000,0.00000164,11497.00000000,0.00488506,0.000000,0.000000
922.29964877,0.00507558,0.00124546,0.00000222,11518.00000000,0.00743371,0.000000,0.000000
922.39948959,0.00507587,0.00082309,0.00000163,11501.00000000,0.00519866,0.000000,0.000000
922.49934095,0.00507549,0.00083011,0.00000163,11548.00000000,0.00491106,0.000000,0.000000
922.59997613,0.00507892,0.00108844,0.00000236,11633.00000000,0.00656452,0.000000,0.000000
922.69982269,0.00507855,0.00098155,0.00000169,11675.00000000,0.00491556,0.000000,0.000000
922.79966991,0.00508015,0.00147331,0.00000176,11732.00000000,0.00577452,0.000000,0.000000
922.89949979,0.00507851,0.00099408,0.00000167,11320.00000000,0.00436787,0.000000,0.000000
922.99935341,0.00507761,0.00087722,0.00000158,11423.00000000,0.00468467,0.000000,0.000000
923.09998435,0.00507831,0.00097926,0.00000179,11570.00000000,0.00538432,0.000000,0.000000
923.19981203,0.00507823,0.00111882,0.00000176,11751.00000000,0.00504378,0.000000,0.000000
923.29964996,0.00508592,0.00166865,0.00000214,11817.00000000,0.00846141,0.000000,0.000000
923.39949562,0.00509601,0.00132019,0.00000322,11889.00000000,0.00953250,0.000000,0.000000
923.49934114,0.00509665,0.00117420,0.00000176,11986.00000000,0.00538226,0.000000,0.000000
923.59999938,0.00509711,0.00113789,0.00000156,12095.00000000,0.00530087,0.000000,0.000000
923.69983658,0.00510150,0.00115712,0.00000183,12183.00000000,0.00704585,0.000000,0.000000
923.79967018,0.00510593,0.00128557,0.00000192,12271.00000000,0.00707075,0.000000,0.000000
923.89950802,0.00511799,0.00127697,0.00000188,12562.00000000,0.01048729,0.000000,0.000000
923.99935182,0.00512691,0.00130322,0.00000228,12552.00000000,0.00910148,0.000000,0.000000
924.09999376,0.00513389,0.00142055,0.00000199,12547.00000000,0.00825571,0.000000,0.000000
924.19984982,0.00514315,0.00194945,0.00000192,12721.00000000,0.00928974,0.000000,0.000000
924.29969037,0.00516449,0.00208842,0.00000322,12865.00000000,0.01474651,0.000000,0.000000
924.39954515,0.00517490,0.00135254,0.00000225,12968.00000000,0.00986277,0.000000,0.000000
924.49939299,0.00517868,0.00123118,0.00000165,12983.00000000,0.00687982,0.000000,0.000000
924.59963553,0.00518039,0.00107451,0.00000158,13082.00000000,0.00595363,0.000000,0.000000
924.69946841,0.00518295,0.00128030,0.00000164,13169.00000000,0.00634345,0.000000,0.000000
924.79931171,0.00519120,0.00104894,0.00000183,13169.00000000,0.00893739,0.000000,0.000000
924.89994203,0.00519198,0.00099309,0.00000160,13211.00000000,0.00554611,0.000000,0.000000
924.99978691,0.00519387,0.00111617,0.00000167,13265.00000000,0.00605489,0.000000,0.000000
925.09962435,0.00519633,0.00131005,0.00000152,13017.00000000,0.00631992,0.000000,0.000000
925.19944627,0.00520318,0.00092284,0.00000211,13108.00000000,0.00834274,0.000000,0.000000
925.29967250,0.00522642,0.00296281,0.00000153,13196.00000000,0.01589357,0.000000,0.000000
925.39950902,0.00522988,0.00096131,0.00000187,13232.00000000,0.00682076,0.000000,0.000000
925.49934754,0.00523617,0.00086479,0.00000224,13251.00000000,0.00813480,0.000000,0.000000
925.59960148,0.00523890,0.00109326,0.00000184,13305.00000000,0.00650375,0.000000,0.000000
925.69944750,0.00524058,0.00080223,0.00000175,13326.00000000,0.00601522,0.000000,0.000000
925.79929114,0.00526098,0.00220863,0.00000191,13366.00000000,0.01472732,0.000000,0.000000
925.89992756,0.00527094,0.00161143,0.00000205,13351.00000000,0.00990281,0.000000,0.000000
925.99976126,0.00526959,0.00067557,0.00000168,13352.00000000,0.00464161,0.000000,0.000000
926.09960336,0.00527006,0.00072609,0.00000180,13363.00000000,0.00548985,0.000000,0.000000
926.19944466,0.00526835,0.00058524,0.00000163,13347.00000000,0.00446622,0.000000,0.000000
926.29930095,0.00526569,0.00062671,0.00000178,13385.00000000,0.00401621,0.000000,0.000000
926.39994619,0.00526431,0.00049371,0.00000180,13373.00000000,0.00461906,0.000000,0.000000
926.49979017,0.00526028,0.00049019,0.00000164,13404.00000000,0.00336271,0.000000,0.000000
926.59962739,0.00525889,0.00052788,0.00000259,13391.00000000,0.00460119,0.000000,0.000000
926.69945921,0.00526294,0.00063430,0.00000347,13400.00000000,0.00717938,0.000000,0.000000
926.79929647,0.00526072,0.00035936,0.00000205,13384.00000000,0.00420891,0.000000,0.000000
926.89994711,0.00525672,0.00043107,0.00000192,13386.00000000,0.00335592,0.000000,0.000000
926.99978753,0.00525494,0.00059989,0.00000303,13394.00000000,0.00440642,0.000000,0.000000
927.09962553,0.00525064,0.00030040,0.00000194,13407.00000000,0.00320022,0.000000,0.000000
927.19945827,0.00524691,0.00030929,0.00000187,13386.00000000,0.00346539,0.000000,0.000000
927.29928386,0.00524144,0.00028972,0.00000191,13406.00000000,0.00262135,0.000000,0.000000
927.39992894,0.00523767,0.00085491,0.00000247,13409.00000000,0.00342488,0.000000,0.000000
927.49977142,0.00524789,0.00186318,0.00000124,13423.00000000,0.01016511,0.000000,0.000000
927.59960074,0.00525797,0.00186561,0.00000124,13443.00000000,0.01011821,0.000000,0.000000
927.69942910,0.00525359,0.00032407,0.00000207,13465.00000000,0.00313438,0.000000,0.000000
927.79966142,0.00524777,0.00025114,0.00000198,13493.00000000,0.00243129,0.000000,0.000000
927.89949648,0.00524635,0.00060146,0.00000319,13509.00000000,0.00456074,0.000000,0.000000
927.99932646,0.00523956,0.00022767,0.00000199,13520.00000000,0.00193739,0.000000,0.000000
928.09995274,0.00523238,0.00021807,0.00000159,13529.00000000,0.00173693,0.000000,0.000000
928.19979402,0.00522586,0.00021614,0.00000214,13514.00000000,0.00204336,0.000000,0.000000
928.29965692,0.00523736,0.00135505,0.00000161,13523.00000000,0.01086061,0.000000,0.000000
928.39948778,0.00525178,0.00152243,0.00000170,13555.00000000,0.01231774,0.000000,0.000000
928.49932576,0.00526615,0.00189513,0.00000159,13586.00000000,0.01232448,0.000000,0.000000
928.59996868,0.00528512,0.00255647,0.00000146,13574.00000000,0.01461711,0.000000,0.000000
928.69981126,0.00528092,0.00032948,0.00000179,13567.00000000,0.00320768,0.000000,0.000000
928.79965432,0.00529144,0.00181458,0.00000128,13578.00000000,0.01048940,0.000000,0.000000
928.89948426,0.00528812,0.00036684,0.00000268,13601.00000000,0.00364685,0.000000,0.000000
928.99933126,0.00528264,0.00018912,0.00000174,13609.00000000,0.00256577,0.000000,0.000000
929.09997870,0.00527613,0.00021604,0.00000155,13620.00000000,0.00203706,0.000000,0.000000
929.19981294,0.00527097,0.00021433,0.00000217,13634.00000000,0.00270050,0.000000,0.000000
929.29966117,0.00526725,0.00036163,0.00000184,13642.00000000,0.00341074,0.000000,0.000000
929.39949747,0.00526116,0.00019549,0.00000194,13628.00000000,0.00221959,0.000000,0.000000
929.49935122,0.00525610,0.00017837,0.00000249,13618.00000000,0.00272011,0.000000,0.000000
929.59998995,0.00526492,0.00161611,0.00000153,13630.00000000,0.00969110,0.000000,0.000000
929.69983789,0.00526529,0.00077624,0.00000155,13648.00000000,0.00545017,0.000000,0.000000
929.79967546,0.00526095,0.00051268,0.00000128,13644.00000000,0.00307698,0.000000,0.000000
929.89950958,0.00525262,0.00007683,0.00000203,13646.00000000,0.00104450,0.000000,0.000000
929.99935804,0.00524644,0.00039738,0.00000220,13660.00000000,0.00212020,0.000000,0.000000
930.09999394,0.00523985,0.00055801,0.00000218,13708.00000000,0.00190003,0.000000,0.000000
930.19983494,0.00523554,0.00109337,0.00000189,13700.00000000,0.00304213,0.000000,0.000000
930.29967368,0.00523128,0.00036604,0.00000252,13748.00000000,0.00306411,0.000000,0.000000
930.39951056,0.00522647,0.00048877,0.00000175,13775.00000000,0.00277251,0.000000,0.000000
930.49935020,0.00522664,0.00194251,0.00000270,13805.00000000,0.00531678,0.000000,0.000000
930.59999704,0.00522432,0.00030701,0.00000152,13857.00000000,0.00403431,0.000000,0.000000
930.69984114,0.00522175,0.00051926,0.00000259,13877.00000000,0.00390179,0.000000,0.000000
930.79965588,0.00521837,0.00057099,0.00000177,13941.00000000,0.00348213,0.000000,0.000000
930.89950998,0.00521269,0.00032142,0.00000211,14002.00000000,0.00229031,0.000000,0.000000
930.99936588,0.00521017,0.00053339,0.00000241,14051.00000000,0.00390934,0.000000,0.000000
931.09960462,0.00520608,0.00036443,0.00000213,14096.00000000,0.00309163,0.000000,0.000000
931.19944222,0.00520286,0.00067952,0.00000182,14146.00000000,0.00353335,0.000000,0.000000
931.29967468,0.00520546,0.00135366,0.00000264,14165.00000000,0.00655447,0.000000,0.000000
931.39950937,0.00520321,0.00082400,0.00000208,14219.00000000,0.00403490,0.000000,0.000000
931.49934839,0.00520043,0.00081286,0.00000181,14273.00000000,0.00374892,0.000000,0.000000
931.59997746,0.00519889,0.00069228,0.00000168,14321.00000000,0.00439651,0.000000,0.000000
931.69981379,0.00519326,0.00038624,0.00000225,14375.00000000,0.00224818,0.000000,0.000000
931.79966659,0.00518781,0.00034197,0.00000225,14393.00000000,0.00233212,0.000000,0.000000
931.89951228,0.00518962,0.00084498,0.00000160,14460.00000000,0.00614240,0.000000,0.000000
931.99935538,0.00518807,0.00132719,0.00000371,14505.00000000,0.00437366,0.000000,0.000000
932.09999562,0.00518254,0.00030973,0.00000198,14540.00000000,0.00226625,0.000000,0.000000
932.19982696,0.00517892,0.00048449,0.00000199,14560.00000000,0.00326920,0.000000,0.000000
932.29967643,0.00517554,0.00034737,0.00000260,14579.00000000,0.00338613,0.000000,0.000000
932.39952651,0.00517122,0.00032565,0.00000224,14574.00000000,0.00288234,0.000000,0.000000
932.49936677,0.00516656,0.00032625,0.00000196,14606.00000000,0.00268998,0.000000,0.000000
932.59999809,0.00518518,0.00299713,0.00000183,14640.00000000,0.01509370,0.000000,0.000000
932.69984543,0.00520220,0.00176911,0.00000194,14656.00000000,0.01427151,0.000000,0.000000
932.79968715,0.00521093,0.00162958,0.00000155,14741.00000000,0.00987269,0.000000,0.000000
932.89952079,0.00520905,0.00042535,0.00000194,14756.00000000,0.00420248,0.000000,0.000000
932.99934643,0.00520409,0.00030795,0.00000209,14678.00000000,0.00254640,0.000000,0.000000
933.09999389,0.00520383,0.00042646,0.00000452,14714.00000000,0.00506422,0.000000,0.000000
933.19982559,0.00519982,0.00029769,0.00000260,14723.00000000,0.00304404,0.000000,0.000000
933.29966220,0.00519715,0.00057218,0.00000201,14740.00000000,0.00375777,0.000000,0.000000
933.39951376,0.00519252,0.00023681,0.00000197,14727.00000000,0.00268925,0.000000,0.000000
933.49936712,0.00518947,0.00025175,0.00000288,14738.00000000,0.00354320,0.000000,0.000000
933.59960406,0.00519630,0.00144704,0.00000159,14750.00000000,0.00889537,0.000000,0.000000
933.69944820,0.00519173,0.00027097,0.00000191,14774.00000000,0.00271138,0.000000,0.000000
933.79929856,0.00518794,0.00036254,0.00000252,14783.00000000,0.00312430,0.000000,0.000000
933.89992080,0.00518437,0.00049034,0.00000223,14790.00000000,0.00323973,0.000000,0.000000
933.99976288,0.00519292,0.00156269,0.00000151,14795.00000000,0.00986301,0.000000,0.000000
934.09960378,0.00520122,0.00152109,0.00000170,14796.00000000,0.00973954,0.000000,0.000000
934.19945186,0.00519689,0.00026587,0.00000192,14809.00000000,0.00282493,0.000000,0.000000
934.29930095,0.00519443,0.00041594,0.00000223,14815.00000000,0.00384466,0.000000,0.000000
934.39994279,0.00519037,0.00040629,0.00000212,14816.00000000,0.00295407,0.000000,0.000000
934.49978775,0.00518700,0.00039759,0.00000197,14821.00000000,0.00333417,0.000000,0.000000
934.59963551,0.00518581,0.00027908,0.00000246,14824.00000000,0.00452966,0.000000,0.000000
934.69949699,0.00518131,0.00026253,0.00000198,14831.00000000,0.00268813,0.000000,0.000000
934.79934717,0.00517849,0.00041278,0.00000224,14835.00000000,0.00362127,0.000000,0.000000
934.89999921,0.00517398,0.00027035,0.00000204,14834.00000000,0.00266909,0.000000,0.000000
934.99982879,0.00517090,0.00040558,0.00000207,14837.00000000,0.00345528,0.000000,0.000000
935.09966539,0.00516856,0.00026110,0.00000187,14837.00000000,0.00386980,0.000000,0.000000
935.19951481,0.00517626,0.00162567,0.00000155,14840.00000000,0.00946897,0.000000,0.000000
935.29935437,0.00518204,0.00147678,0.00000145,14843.00000000,0.00841287,0.000000,0.000000
935.39998835,0.00517975,0.00069873,0.00000215,14855.00000000,0.00389957,0.000000,0.000000
935.49982871,0.00517647,0.00034698,0.00000241,14855.00000000,0.00333553,0.000000,0.000000
935.59966797,0.00517271,0.00025358,0.00000255,14860.00000000,0.00305980,0.000000,0.000000
935.69950485,0.00516746,0.00025259,0.00000185,14859.00000000,0.00220942,0.000000,0.000000
935.79934593,0.00516255,0.00025567,0.00000200,14859.00000000,0.00239427,0.000000,0.000000
935.89998509,0.00516116,0.00128426,0.00000241,14861.00000000,0.00437930,0.000000,0.000000
935.99982365,0.00515848,0.00046713,0.00000202,14864.00000000,0.00364095,0.000000,0.000000
936.09966801,0.00515491,0.00026027,0.00000196,14866.00000000,0.00312748,0.000000,0.000000
936.19950835,0.00515254,0.00023224,0.00000199,14868.00000000,0.00381046,0.000000,0.000000
936.29934487,0.00514783,0.00024239,0.00000188,14873.00000000,0.00246507,0.000000,0.000000
936.39998436,0.00514436,0.00025909,0.00000181,14877.00000000,0.00316882,0.000000,0.000000
936.49982312,0.00515771,0.00224708,0.00000163,14881.00000000,0.01277971,0.000000,0.000000
936.59965947,0.00515646,0.00027573,0.00000202,14898.00000000,0.00443903,0.000000,0.000000
936.69950676,0.00517310,0.00147338,0.00000248,14905.00000000,0.01471004,0.000000,0.000000
936.79934745,0.00517632,0.00093089,0.00000376,14927.00000000,0.00702246,0.000000,0.000000
936.89998785,0.00517096,0.00023589,0.00000174,14929.00000000,0.00208908,0.000000,0.000000
936.99982679,0.00516732,0.00066243,0.00000236,14929.00000000,0.00307066,0.000000,0.000000
937.09966337,0.00516490,0.00028718,0.00000319,14930.00000000,0.00377015,0.000000,0.000000
937.19951666,0.00516073,0.00027001,0.00000221,14935.00000000,0.00275047,0.000000,0.000000
937.29935405,0.00515711,0.00023011,0.00000220,14937.00000000,0.00305985,0.000000,0.000000
937.39997848,0.00515294,0.00029530,0.00000220,14938.00000000,0.00273425,0.000000,0.000000
937.49981285,0.00514920,0.00025623,0.00000215,14944.00000000,0.00297715,0.000000,0.000000
937.59965703,0.00514434,0.00025430,0.00000186,14934.00000000,0.00231707,0.000000,0.000000
937.69949270,0.00513938,0.00027495,0.00000187,14934.00000000,0.00224458,0.000000,0.000000
937.79933625,0.00514716,0.00164599,0.00000155,14931.00000000,0.00969567,0.000000,0.000000
937.89998031,0.00514415,0.00038339,0.00000252,14938.00000000,0.00337949,0.000000,0.000000
937.99982831,0.00516526,0.00147454,0.00000315,14946.00000000,0.01753780,0.000000,0.000000
938.09968259,0.00516654,0.00027239,0.00000347,14951.00000000,0.00591681,0.000000,0.000000
938.19951357,0.00516227,0.00025723,0.00000219,14956.00000000,0.00265320,0.000000,0.000000
938.29935758,0.00515819,0.00025508,0.00000216,14962.00000000,0.00275499,0.000000,0.000000
938.39962062,0.00515373,0.00049978,0.00000197,14969.00000000,0.00252069,0.000000,0.000000
938.49946680,0.00515136,0.00026013,0.00000237,14974.00000000,0.00374833,0.000000,0.000000
938.59930208,0.00514776,0.00027528,0.00000217,14978.00000000,0.00301672,0.000000,0.000000
938.69994058,0.00514391,0.00026931,0.00000233,14976.00000000,0.00286366,0.000000,0.000000
938.79978312,0.00514131,0.00045506,0.00000241,14979.00000000,0.00359832,0.000000,0.000000
938.89962620,0.00513649,0.00028286,0.00000186,14980.00000000,0.00226583,0.000000,0.000000
938.99945590,0.00513327,0.00029181,0.00000230,14982.00000000,0.00321563,0.000000,0.000000
939.09930964,0.00513031,0.00038656,0.00000258,14980.00000000,0.00336505,0.000000,0.000000
939.19996208,0.00512661,0.00027214,0.00000236,14983.00000000,0.00291196,0.000000,0.000000
939.29978651,0.00513351,0.00150735,0.00000164,14984.00000000,0.00926597,0.000000,0.000000
939.39961537,0.00514603,0.00156116,0.00000193,14988.00000000,0.01265822,0.000000,0.000000
939.49944667,0.00514191,0.00023409,0.00000204,14986.00000000,0.00266585,0.000000,0.000000
939.59929077,0.00513801,0.00027605,0.00000214,14987.00000000,0.00279228,0.000000,0.000000
939.69993373,0.00513447,0.00037932,0.00000227,14992.00000000,0.00299823,0.000000,0.000000
939.79977099,0.00513090,0.00029516,0.00000274,14992.00000000,0.00297335,0.000000,0.000000
939.89959793,0.00512784,0.00025476,0.00000215,14991.00000000,0.00327495,0.000000,0.000000
939.99943705,0.00512380,0.00024837,0.00000203,14996.00000000,0.00267863,0.000000,0.000000
940.09928527,0.00512390,0.00073180,0.00000433,15001.00000000,0.00518263,0.000000,0.000000
940.19992799,0.00513250,0.00111068,0.00000736,15002.00000000,0.01036537,0.000000,0.000000
940.29976814,0.00513003,0.00026232,0.00000269,15002.00000000,0.00362434,0.000000,0.000000
940.39961234,0.00512654,0.00042409,0.00000221,15004.00000000,0.00299752,0.000000,0.000000
